Temperature,Pressure,Flow_Rate,Quality
154.96714153011231,6.399355436586002,46.624108625128095,89.42541738078282
148.61735698828815,5.924633682912769,49.27740664642241,108.37217096151751
156.47688538100692,5.059630369920174,46.03790039500019,116.91591307791107
165.23029856408024,4.353063222294426,48.4601923518048,167.8431827548766
147.65846625276663,5.69822331361359,40.53192666523107,128.78228357647052
147.6586304305082,5.39348538542175,51.06646853686469,98.75982943359152
165.79212815507393,5.895193220027732,50.00602737681112,144.41199820739408
157.6743472915291,5.635171801681969,45.914556844659046,95.89308294608841
145.30525614065047,6.049552715319335,53.296228342162024,149.04253725243498
155.42560043585965,4.464764788439432,54.68785068813279,120.97011730895736
145.36582307187538,6.317394065634326,41.96220067815513,117.01473643494703
145.34270246429742,5.1975996046924,46.186376107168925,146.53158427811243
152.41962271566035,7.0752608726252655,46.154288251063505,101.54049233224652
130.86719755342202,4.310812181910432,45.300484494455674,82.35324703383658
132.75082167486968,6.73596380316525,54.14737420965874,111.49325128457224
144.37712470759027,5.197910783462648,49.03086930613598,142.57665638601554
139.87168879665577,4.348581996385551,48.67742579344694,87.1880275163197
153.14247332595275,4.5161141659456785,39.98068817796623,60.94490357502934
140.91975924478788,4.67965269180568,53.17709015104613,113.33767995866224
135.87696298664707,5.424165946401916,43.80370802573264,124.86459580493188
164.65648768921554,5.5228354880355,50.29966315133164,157.61888033652065
147.74223699513465,4.426299996061421,51.38688468979096,114.56999899981496
150.67528204687923,4.975645407739017,56.80329297919326,122.5030340799522
135.75251813786542,7.142270358611864,43.45589800440444,140.00353287479493
144.55617275474816,6.727543170100711,34.90243922089587,76.2602901003838
151.10922589709867,5.4363236696740325,50.91924772376847,119.39224296325199
138.49006422577696,5.0380034781682,59.00255590755427,130.33156159376944
153.75698018345673,5.120031326718261,56.19473176469719,141.05871258262331
143.99361310081196,5.613517972730417,51.04829707637313,113.86634629314769
147.08306250206724,3.9772074348015947,47.54181907183976,120.21822161222545
143.98293387770602,4.742623462576655,54.03561298318655,74.93865718229577
168.52278184508938,3.3314159261224106,45.13226900147766,113.86506972929469
149.86502775262065,5.399223122605279,52.3817888467811,136.7065654500351
139.42289071044098,5.647195939702741,52.52735079583314,103.3818371861989
158.2254491210319,4.516813537700626,55.3010495374944,133.56687569770466
137.79156350028978,6.573986763290033,63.79830019455539,142.0198454484232
152.08863595004755,3.774234336997659,51.96207983589383,118.31146650057886
130.40329876120225,3.53562511979018,47.45518187146251,113.64632053728292
136.7181395110157,5.224451818559972,49.872128439040026,99.45102483816757
151.96861235869125,6.047098302612154,41.15462047555441,116.86997357109253
157.3846657999541,6.6839276914578685,46.52643434455471,141.485659150321
151.7136828118997,4.54111573713106,47.95358780943448,126.44140234712825
148.8435171761176,6.078680833431296,47.37955801032704,112.7521412719043
146.98896304410712,4.961491530499293,50.76177436016861,128.5112121570029
135.21478009632574,4.82737270005918,45.887900338089,128.2646515314848
142.8015579160529,5.883659937486672,55.60515333662236,86.65339593074812
145.39361229040213,5.65232287841342,50.00103532459099,147.18376146081866
160.57122226218917,3.4236078430157506,49.953498394306926,120.3705307589502
153.43618289568462,6.476540349725896,48.36052641743541,136.86939194604705
132.36959844637266,6.380091354147451,50.77595341929489,143.5106831398217
153.24083969394795,4.374437298490471,54.125491323338174,101.23621355801615
146.14917719583684,5.395803533437409,45.664348921445495,106.2088547533987
143.2307799969404,5.494030186282739,46.70941755462372,114.20001049722056
156.1167628884087,5.260673765823907,48.48136985611668,111.68975443825693
160.30999522495952,4.44969484615458,43.27064538263392,158.36963512763222
159.31280119116198,4.328376632061948,45.90371070139251,107.90068054428303
141.60782476777362,4.974445929008555,47.618895632276704,107.73698515798795
146.90787624148786,6.172729019259364,54.371945903563635,133.38473351417312
153.31263431403565,5.543600154594432,51.31280664500962,104.75077226069263
159.7554512712236,4.629385667913894,50.96794955683772,121.99724238178449
145.2082576215471,5.771698710648344,54.25448981083986,133.90018330574563
148.14341023336183,2.1514573793699245,49.31314105800302,111.16792463417296
138.9366502599397,6.1487657003721035,51.95232424964445,121.45997875243066
138.0379337591933,3.2602862212219,49.483891235337516,104.54001006134303
158.12525822394198,4.637559058596868,51.32681174699814,99.10979044314792
163.56240028570824,3.880330105373856,47.08620671194209,133.6426899499403
149.27989878419666,3.705318524279094,37.80591420861786,147.39397924049564
160.03532897892023,6.16082678737852,49.32860418906848,132.1702340311407
153.61636025047633,4.5322987986881085,57.1137406804997,136.06905261196513
143.54880245394875,5.346503881730715,54.631077011207964,140.0267257017394
153.61395605508415,4.953079421120816,54.82698742295585,105.18811687721441
165.38036566465968,5.477040827223122,56.18065360903109,172.63908053659307
149.64173960890048,5.076821891060256,50.44328795480719,129.37571987887256
165.64643655814007,3.7170077758114304,50.98657853702798,163.68363464209745
123.80254895910255,5.99626681944714,46.91174052282825,96.76254062622837
158.21902504375223,4.506243416838688,48.41963571986475,163.21894638260179
150.87047068238172,3.443418101340249,53.07885574885571,140.2882660236516
147.00992649534132,4.571884839034087,56.01942218584408,138.52507239146126
150.91760776535503,6.50075979063431,49.302768621595,132.5830274482851
130.12431085399106,5.850221742113493,47.74905367574294,109.99126949032788
147.80328112162488,4.6513478655921405,50.002639794282985,147.21708129690057
153.57112571511746,4.650742295681571,53.00603374464558,131.29907184159927
164.77894044741515,4.678364948782617,42.78072591933229,86.6293867849956
144.81729781726352,7.076747983560841,38.51909523431381,95.03369182906445
141.91506397106812,5.381935452231553,47.24731575254208,115.80234044817588
144.98242956415464,5.43004164719107,43.89643787042921,124.66842803611392
159.15402117702075,6.030283454031842,47.45929901176345,128.47324692798693
153.28751109659686,5.238789159026513,49.26109840591264,150.90962838695484
144.7023979623296,4.740957854179297,47.733757954884936,80.99808377265886
155.13267433113356,4.803650150915022,57.26233767235372,135.855266335383
150.9707754934804,4.928398740585936,51.6337238230116,90.28957977857826
159.68644990532889,4.962777763490158,51.50237179805414,146.16492382777145
142.97946906122647,5.72762954363698,53.11103572021701,123.54464790522076
146.72337853402232,5.051945885807299,44.30583441109616,127.30244800798505
146.0789184686784,5.73264007721558,55.195558937101346,111.38352732665611
135.36485051867882,4.919283419891418,49.6211785673227,142.80723358613542
152.96120277064577,5.07863519031609,53.35240308620606,150.15428751609696
152.61055272179888,3.0017993154678924,44.64071383479922,129.69233211991235
150.05113456642462,5.916327674702481,42.23120616991968,118.05284263128421
147.65412866624854,5.346488475897993,54.08944829012514,139.388745622923
135.84629257949587,5.998010109859652,51.882047630487584,107.28695325411033
145.79354677234642,2.1037446218063107,45.48974222821245,130.60716959277005
146.5728548347323,7.088374704780728,45.65168459362653,156.97414238830726
141.9772273077838,4.860410371844826,55.62717392207385,146.62338473482436
148.38714288333992,6.108182816737516,44.05294053566336,107.0602401075275
154.04050856814538,3.960094072874469,58.21336476627982,138.73948058830754
168.8618590121053,5.61277390506257,45.496896326760655,106.19116350241336
151.7457781283184,3.9465844368263436,53.191959628041914,137.76743186375893
152.57550390722764,4.376231039304195,48.356907621255075,132.73780838647704
149.25554084233832,6.914031353866786,53.01593715541171,93.47225606258883
130.8122878470096,4.809317599236653,47.27942998942903,89.61264623527406
149.73486124550783,5.217432873179723,49.186035469638526,118.98834680994885
150.60230209941025,5.8700677306887545,50.20459587697861,121.18776826984899
174.63242112485287,5.495681887972605,44.98906272109264,110.10928580686964
148.07639035218878,5.150418905143576,53.70412172710063,135.08190495510573
153.01547342333612,5.3649610024662255,47.43393216764208,130.21427662952442
149.65288230294757,7.403415585238275,48.85700042329991,124.83349002101987
138.31321962380468,4.9423812029664145,45.02825312695744,99.94814471623387
161.4282281451502,5.201099046714967,37.18833170602345,141.84112005915506
157.51933032686773,6.050654396007612,49.04486118699916,163.20500516681432
157.91031947043047,6.105525932957984,62.063077108064576,131.1454436106521
140.9061254520526,6.187030305560381,53.92302143949012,113.72220214564277
164.027943109361,5.638730222029185,49.903698101328025,143.0385437880412
135.9814893720772,3.8569950872695165,48.685545853958665,107.49258394880484
155.8685709380027,6.6334315323010955,50.11232946406023,128.50306809158707
171.90455625809977,3.853654606981312,52.73559557587605,150.64112683820676
140.09463674869312,5.3026354652390335,44.09593592345578,77.74221629344339
144.33702270397228,4.245724149980642,55.57160847334436,151.4832929276763
150.9965136508764,4.935861653407008,53.57690657720622,129.68511588060403
144.96524345883802,5.32876241030348,53.59092862853967,117.78302656161411
134.49336568933867,5.3213572154502735,52.192378694048635,117.85861714637981
150.68562974806028,5.421920754235285,50.09808328846995,125.51371011368705
139.37696286273896,6.613711269058647,53.3643061798341,90.98332284445556
154.73592430635182,5.453534301513979,52.95907066870689,160.5410518402341
140.80575765766196,4.755843364709351,48.22979644529488,119.32491535989796
165.4993440501754,5.964087168288358,47.13199113551549,141.24348187902433
142.16746707663762,6.18947048892464,50.50928147630994,142.9010951086969
146.77938483794324,3.7723921848630075,57.74510075747594,106.70730824347238
158.1351721736967,5.597400069849858,43.804464621730496,134.77539590463704
137.69135683566046,5.701172742310899,42.6623736712378,109.0251010214664
152.2745993460413,4.702436496640008,50.82380420618259,143.1366315355766
163.07142754282427,6.37570681331162,50.25443850928009,91.94612979842955
133.92516765438774,4.849944412967473,50.866708321852045,115.37395330578508
151.84633858532305,5.125576453471543,51.2197659895425,115.09372187555938
152.59882794248423,4.82692817571613,48.883988726825976,133.70572031681826
157.8182287177731,5.015579047581467,57.44931719301041,144.30060995582187
137.63049289121918,3.9037249131047984,41.995480107617425,96.06656246147261
136.79543386915725,3.5599491174057056,45.85751487609877,97.96014978674818
155.21941565616896,6.594505063224972,49.48372619925476,128.17239154279164
152.96984673233186,4.153038651681673,41.784055944229166,100.28540087860843
152.50492850345876,4.008607650543693,49.12072797783964,140.40593584413102
153.46448209496975,2.846609886396285,58.30735082864009,121.68719747424062
143.1997527842151,4.361038252310498,50.10443244147981,62.26573446347956
152.32253697161005,3.6769102065925017,51.153504528593416,116.94145138942865
152.93072473298682,6.642015160136369,43.6991761741371,103.93785720919638
142.85648581973632,6.009817089342635,46.91819295980261,88.35691514717661
168.65774511144755,4.311849654822276,48.12401809838032,106.70325357962113
154.73832920911786,7.252435805344309,48.41142451621883,132.791345264882
138.08696502797352,5.981765486991594,56.40821897501884,152.70640523294963
156.56553608633828,4.675168616491377,52.788455303625625,136.127558996352
140.2531832977268,2.500594285126427,44.44271021531484,98.55188062705332
157.8708460374245,7.290942572590742,51.232523892160025,143.62141118103582
161.58595579007405,3.610427533236404,52.491108742483924,120.82491375111714
141.79317681648288,3.354601253043108,55.700745192606334,108.27437968514982
159.6337612924432,6.0225704320096405,57.90270343284187,115.0969308918547
154.12780926936497,7.439752406339273,44.924529040860655,92.84645654501517
158.2206015999449,6.384272818510518,45.94571244394831,120.83694226096323
168.9679298265395,5.56390912005236,43.712110705426916,133.74254151611865
147.54611883997129,5.594754341665286,48.829900704465096,122.0940152665905
142.46263835642512,5.853415558780307,52.331791872231676,116.48424523461134
141.10485570374476,5.758928589786765,54.93667258294551,107.10470188386668
141.84189715034563,5.281191423969376,49.620244881787386,133.34445116224083
149.22898290585897,5.104201103951876,48.40076238372578,97.20086516888217
153.41151974816643,4.937406872100477,50.7587899612437,142.70816386414862
152.76690799330018,4.246035411133324,45.824285491849885,101.49061283386216
158.27183249036023,4.719324923133226,60.44769360847387,121.88401623116496
150.13001891877906,3.3070431858046145,41.96169486440971,85.912747910213
164.53534077157317,4.90166037320525,50.92370289447862,122.78191051006726
147.35343166762044,4.011408892849083,60.1180310961482,149.30020766598653
177.2016916658962,3.896410682784229,50.03399922279999,146.7334283456357
156.25667347765005,5.179894151153478,49.04980482499253,147.29641114168672
141.42842443583717,6.392002286344599,48.212772885947864,132.51128601804479
139.29107501938887,5.918316606002313,49.09804159118796,98.68720742404204
154.82472415243186,3.4294993963768228,56.86424237338265,123.14697028112454
147.7653721467415,4.010371863429662,38.940690443352466,97.45199957256278
157.14000494092093,5.940771187988216,57.66716850648163,163.196777732403
154.73237624573545,4.017512606461691,42.88021423774927,95.76961179746431
149.27171087343126,4.775366850002976,48.666738353827924,140.99393360756613
141.53206281931594,5.550052099024552,47.85377789850669,138.00823532868782
134.85152775314134,4.031655545136365,52.942766348853596,154.43569208024803
145.53485047932978,5.10537550614596,42.00937824058126,108.39194699183187
158.56398794323474,3.6659745050817953,52.31086333040972,142.70907683771196
152.14093744130204,4.398632356048786,60.12154811643426,178.59800865667285
137.54261221288013,5.3197819341425365,43.18412997703595,101.60534041767997
151.73180925851182,3.407006266468331,50.94853083805198,92.73793688198695
153.85317379728838,5.440474737960399,46.69008911101695,87.55940698522328
141.16142563798866,4.980362201073318,52.12943603096518,136.49922662313975
151.5372510594553,5.5524899544171475,50.09573888707876,89.28719238705327
150.58208718446,5.223914134064661,46.792565454778455,115.72654316542362
138.57029702169376,6.364140429973844,52.43936142435537,132.7111822510581
153.57787360348283,5.1252245026479075,59.021740548933714,137.9602889827825
155.60784526368235,4.570594458874747,49.04548104136351,134.6903936663649
160.83051243175277,5.122297503032284,53.59878971074091,137.98468010655077
160.53802052034902,5.543298029036388,43.53363521064418,151.75983075303049
136.2233063204291,5.048860070325705,45.21781811590996,95.33730017881797
140.62174960084877,5.040591691203883,52.362031389401885,108.74178052518305
155.1503526720866,4.298008312193245,57.420580142679825,116.65446816915716
155.13785950912208,4.337099082449052,51.7780667439283,144.269417551854
155.15047686306048,3.5973947282003067,48.43470984738423,141.5257675337395
188.52731490654722,6.749576743186939,49.99645702711677,156.78448294771107
155.70890510693167,3.7561367646087147,43.74796133015141,144.03496848460293
161.355656401806,4.307094802204093,53.022576631776836,108.14926176320502
159.540017634932,4.281592734430802,54.41166531161704,165.20700876664398
156.513912513058,5.8949243769444415,47.7395483358346,158.7032161133307
146.84730755359655,4.705050321707972,47.64978926120249,135.66602577409114
157.58969220493267,6.247742072673734,51.32939114826024,167.9898213418432
142.2717478546243,4.326509375756132,47.81640131979702,84.90954958110655
147.63181393259993,5.278994162223802,49.66933692687089,113.62040210699125
145.14636452170896,4.164652946740243,60.49860894583258,114.595306097362
150.81874139386323,7.145149127773388,48.76487149627002,143.14115262464128
173.1465856667351,3.812401580970487,48.20829923989389,111.76192059518074
131.32734807408252,5.309820710227028,46.76229097182421,128.8430512217044
156.86260190374514,5.633776880932098,53.720959857499686,160.0863454796708
133.87284128810347,5.4137990974514985,49.09387913390948,130.94318014776232
145.28068134210565,4.814712341122291,46.75313480839287,125.34729367324172
160.88950596967365,4.870179300266574,56.60652016136506,115.71286089644704
150.64280019095463,5.04381147197911,57.098015022568184,114.1504157349828
139.22255222070694,4.852997998371511,46.99788217130647,141.907955950075
142.84696290740033,5.96387911679491,40.66730024319692,131.47205995995418
156.79597748934677,7.210523001591351,55.03756844918461,136.06869911965288
142.69633368282862,4.442508214992166,46.57685087119998,109.13647305304082
152.16458589581976,3.630197020420922,53.953127995813844,85.98903192317526
150.45571839903815,4.911717951648745,40.14948091144082,95.75383145828044
143.48399652394184,7.579709337654318,54.462986691496546,168.70018803327127
171.43944089325325,4.196325432030269,43.9441403535961,103.65857217351471
156.3391902231801,6.6391168054440675,53.653820595332625,138.1604816231659
129.74857413342392,6.677700814076441,50.07136533918217,138.43566043011455
151.86454314769426,4.4464117582920055,45.23030290301678,95.91088405279872
143.3821353523161,5.5689830791852755,47.9648184353661,124.89509807844314
158.52433334796223,6.628396623128538,53.431592284783505,154.0225444982781
142.074792615673,4.620872259012513,50.529472265576175,120.95270507646747
148.852635585331,4.796419639897638,52.92206490236242,183.7248701076861
155.04987278980457,4.418319086051357,59.88220292257743,100.89535172750303
158.65755194170123,3.985243269307133,42.17879194144474,142.21686666029825
137.99703592944223,4.350722454933993,58.08606287484312,120.71277842653433
146.6549876415905,3.7760597332377435,50.52177968761607,136.7354401340971
145.25054688839043,5.034083468259226,45.50607975838436,127.92444722140607
143.4667076742629,4.230026768941358,43.34843187130505,100.20902892985826
167.65454240281096,5.233785911790748,49.054398046114834,138.11828931106567
154.04981710960956,3.444104353796373,54.6082505596223,90.44168868212961
137.39116045664954,5.330880232214457,49.36225439811233,130.9120942226714
159.17861947054777,5.833528961608924,57.55577465123674,143.26415669929165
171.22156197012634,3.0062643574285444,42.744121549742204,138.59181031257606
160.32465260551146,5.374056569847572,49.93955526076973,152.02445015280966
134.80630034045987,6.227668992473292,43.73803277793441,122.20131118171825
145.15765927133748,3.7903589813087946,51.81815941312484,124.57586352475172
162.66911149186623,6.672572386837704,54.4344369504865,120.60588334677189
142.9233053438122,5.419019009366045,47.89619103159473,106.37222824293296
154.43819428146227,4.294988144241591,36.978930716864326,139.12691040625242
157.74634053429338,4.944230922342294,50.994740733982475,158.2841328131368
140.73069528421917,5.558326912521722,52.18369275866755,118.46674694784599
149.404746439382,5.076005391412411,52.02147377480849,127.39161796742809
117.58732659930928,5.538755992446369,56.17891095911077,96.72201655196066
139.7561235866571,4.079326406920634,44.644731601754756,137.20763679392252
147.4743184860684,5.169360824036078,53.40108052725225,140.1050817867437
137.5221681803515,3.58628550309502,55.962537562389876,159.5280338755527
166.32411303931636,4.888773938651299,41.10706207996742,108.25879251733994
135.69858622039368,4.09609235853521,51.59825912959489,109.75992715057883
145.59955513303015,4.264470057410233,47.47910084496164,123.94091680781632
151.3074057728609,6.236093175210438,49.592386634491774,140.72958929896015
164.41273289066115,6.091310120594269,51.73838241769168,131.4663398697198
135.64137848820562,5.609138120907177,47.56385717943224,99.63082942038893
161.6316375215496,3.907687235327421,46.62145960419194,143.55651149325465
150.10233061019588,4.683591550305198,50.170762087440124,138.97766532657207
140.18491348952048,6.213097699979183,44.563770305685985,99.8441863779929
154.6210347426327,5.141716913639905,44.57087435557408,150.35950670516533
151.9905969557347,7.319329539981695,53.396866414782515,156.75542487358882
143.99783122841205,5.3933178393943715,44.25602982420672,120.876305097316
150.6980208499002,5.192049116490032,53.331562504546056,129.99031590908774
146.1468640313824,4.690883535797498,52.31295646426975,135.38671968102014
151.13517345251248,5.133540904782282,41.37096635604702,101.69738021553324
156.62130674521046,4.8475301636194565,46.61217673832172,125.89608467378316
165.86016816145352,5.708108676688591,55.97054701523686,96.07506815410981
137.62184501173152,5.956702316794584,45.09417234430159,134.3287779249549
171.33033374656267,4.21401053949205,47.67797868845306,101.00570645419069
130.47912200477498,3.668767046442222,52.31030446625948,144.4937352368595
148.48214904964416,3.1637946268967037,53.91695254641298,117.09982393641687
155.88317206484575,5.507991326912544,48.74230556977752,123.71807350344645
152.80991867735034,3.8966333938261264,47.012449026541795,109.25350722587075
143.77300480179406,2.847109407047517,57.11184930849254,117.50942318334458
147.91877749642725,5.388578604530964,58.6944983189879,160.06277151542662
145.06999065341168,7.492999517432791,54.89429025390898,81.680253433997
144.10635243055788,4.993929088460106,50.42659071282512,147.921614684223
158.49602097021025,5.838490774451642,45.95867139179537,134.45239876947886
153.57015485965047,5.081829358547565,45.847777967217176,99.48652556354979
143.07090404739347,4.901110346808857,52.61257052632879,101.92148127739273
158.9959987543325,5.9190764829877685,52.091991104443416,166.53760577086058
153.0729952087661,4.709725455811348,57.007992964732146,112.65220528893684
158.12862118838962,5.267392314071903,53.25225046268069,109.13388538056398
156.29628841923613,5.321697806196013,42.48459849120091,145.5255094622654
141.7100498907793,4.331909546356951,55.25973808861459,130.4976920347135
144.3981895980303,5.992042349536523,45.00969686342793,101.43242545810259
157.4729360512326,4.825040243304591,48.08014364023824,131.18316293250845
156.10370265433465,4.244254840507155,51.251001031258475,107.02610816038288
149.7909840603585,5.536509843570403,59.978337448919824,155.967609644908
151.17327383308782,4.101532018208963,65.5495927800268,157.45679447444596
162.77664895788425,5.028181157369128,53.03361529568092,144.511703006664
144.0842861116417,4.990881003355796,49.08401690639806,128.52433981259122
155.4709738117004,6.085895565831578,52.67252824240275,167.26906312878305
147.97807347566106,5.474698232879953,54.43827712936918,128.4827814548503
147.8231879677278,4.974973041254856,48.39666187221404,98.94138705572881
160.9877685198719,5.817766299200287,58.97605677956161,148.29974053863197
158.25416348988028,6.390207549017314,51.15035379595701,174.54872087048267
158.13509636000637,5.557810306351862,52.48871544545697,111.87895128535544
163.0547880715433,5.01035261984338,53.329621260272305,126.98254094979653
150.2100384163276,3.6881637676498404,52.10793305307228,132.49661394795035
156.81952971294965,3.9348863369246274,54.194702502348065,128.55720255208774
146.89733243406545,4.694775295645332,46.91373406726538,100.72313245458939
153.24166352488442,4.390487797840716,47.20849123026985,145.60575746694894
148.69856945632316,4.813028697014554,44.49922883514152,165.97553963064908
150.96995964992718,5.0566499248971075,52.19750615310113,131.27891377771687
155.95157025436913,5.529692754356731,53.89468251756057,114.06955085522648
141.8177931676653,4.9295012219409085,52.28886433075943,91.6197799912525
170.9238727568546,5.486501643826202,58.37246216673769,148.29242902389345
139.93982618500297,5.06447441481012,49.972019905854765,142.1540247131307
137.8581138721227,3.0245334336461287,53.34370827796256,127.15644535563128
161.58110873500067,4.060664606181246,44.541495619303426,124.4970032569285
157.91662693962937,4.855912444278385,48.06450148762799,115.33630651268771
156.24119817052156,3.7903052571588924,53.47768878782889,106.64008797547989
156.2834550926428,5.599928729996204,54.24551055371572,149.43301997578402
149.87753227153087,6.530750832343697,48.53016526167909,145.0998324375078
141.02745628514168,6.218761851697317,49.64200374070967,91.75025910471855
150.75804558193727,4.786557129069792,42.410631266595956,150.67742162599868
143.2283828848789,6.490726136849952,48.214853995966955,134.64895133079295
159.7511973341775,5.148667457202111,54.45191581759893,161.726359138488
148.5294261849786,4.662914028881961,52.876025080532834,99.04880624497717
141.74502803207488,4.38659733645906,52.503328606906045,94.33188846617163
146.78614158347006,4.697530313511872,50.248868435904804,120.00783997213668
154.12931454275625,4.611823181458771,50.03531579314088,136.37224480671225
144.36275447196024,5.170416222375488,46.698394302632764,155.8081415813766
141.77779604433567,5.160573981049865,53.49414210101267,138.12693794138033
152.4368721149191,5.003046020153414,52.104864721946946,123.05479433908327
152.44966571108722,5.43693816974635,52.46009423996399,108.53940043368966
144.93056824628871,6.190646274786341,47.3698257866621,147.34244875642972
145.28961694381678,5.949554135441324,39.23328540064378,96.63643654829177
152.32049937357635,3.5151020315500965,55.485763558768475,160.14843569234958
135.51915658502676,2.446078865098045,47.60581271995798,105.04869320654568
135.92536225623445,5.934319911239274,45.686121179784394,148.1918593467803
142.81555778747565,3.6331213015845787,53.46739455956997,135.02656294574854
147.86552848288153,4.775234598107317,48.039936800404355,119.17527308912972
153.10907565598004,3.8298869739406403,55.29968192023311,118.06612987553525
164.75356216949552,3.1980195624199803,53.08502974788349,124.42268646097291
158.5765962320202,5.541462728204788,53.417846616002386,141.67183471272634
148.40061470036574,5.7591551603026465,43.17022144399733,121.79792475034036
149.8098379209731,4.423489599273281,56.059719926932004,116.72344593920464
139.9747063536219,2.40895770785509,51.30625265616928,112.53764251110391
149.8148686400761,4.453755551747517,48.15361430376898,123.90937746093128
147.1134136107986,5.3918040054025465,50.716942336711256,82.33918679727716
153.2271856033809,3.5210884312258712,41.1188238355084,125.71419102832289
141.72769056447677,5.183359919779155,52.043264057403356,103.27075187338325
155.19346514241172,4.984690150827005,44.85314245908964,100.3819787760167
165.32738913002578,5.579291499601088,43.23664857078233,94.66470947862673
148.91239851543142,5.119580368414153,42.38820406891055,82.72807329231466
154.0171172209894,4.026931059118445,55.563441874949625,102.40422416644552
156.90143991711113,6.196571501664492,46.85368303153606,114.1463902345036
145.98779528114164,4.84147042697303,57.6686385495825,167.87693208471424
152.24092481810416,4.972695460490068,47.32099268473851,113.40505395991896
150.12592400781796,4.066732040926804,41.463210212035264,119.92199638075142
150.9767609854883,4.55671774880849,44.4173778002567,128.14534596069308
142.26990216144534,4.115197285973099,56.179058100034695,126.92989585701359
150.24510174258944,4.827053940076577,49.22050911031666,122.60419682518133
154.9799829124545,6.7117084801423434,47.258563517546996,104.81438395856462
164.5114360779504,3.6280988570686437,50.80009112926394,159.1705396221079
159.59270826085208,3.386438602123259,52.50891368083772,164.72029515210045
171.53182457511556,6.471170327493608,55.5869940795123,109.52467432370115
142.32652437111952,4.7906763228481335,57.24249614946463,106.05803993310013
158.72320636720679,4.330927261340084,48.20115677105457,120.98817627558711
151.8334200573835,6.039904687396076,43.36976156958981,103.40157276095192
171.89802933217672,4.394384460263136,47.93267419438362,143.20323401123883
141.91701714644847,6.826009713546936,51.30140253291443,111.0862059785174
141.60278157819224,5.677925871339269,45.18120536894695,161.60332818306426
144.0060735455598,4.5120885918542974,45.21424542552479,141.00958218378022
128.76104275690193,7.1573082132655035,51.718939407749424,124.32176994382581
144.7424497831924,4.3942850769966615,49.75673824214775,141.50491090570236
142.40867338446301,5.742095372009307,50.163984977057936,144.93772390504265
151.50393786476207,5.299292580406492,46.207523326499654,112.03762299322888
153.41755975777158,6.301741289398798,48.847996428971165,112.06631471002102
168.76170839215885,6.561511196726853,45.37883427865848,135.36980527185287
159.5042383818605,5.0320041490657665,54.450992055623935,150.60964362351982
144.23096344337597,4.246582129653817,55.17624667361876,127.53085129295897
141.01585328651643,5.459972142939116,40.76906068880953,82.50318983636413
154.91919171506507,4.322284630247894,45.35244569903795,106.32963279824182
136.7976679297936,7.013387247526623,42.51735372454961,114.96003416770218
168.31458765854353,5.1365353310827375,46.749880327965506,130.31695666729306
161.79440120721287,4.634678448687891,49.58281015104819,169.28364915761696
145.30824347895296,5.184680305864909,42.75177390150735,89.50514262443221
132.86865470909123,3.6528737104703035,45.390700934373434,120.16442035970246
163.53872374165414,4.028385961489349,44.98021313959251,155.59256647204558
148.85460154747383,6.200413907944426,51.03633664699472,173.08619281567746
162.3781631197346,4.343105721028604,50.34672168518125,122.06472188639029
134.05572341205632,3.95308901731806,46.391312233313734,121.87567858171926
144.00624977046226,5.536652752527286,50.88410436069699,135.17892102281624
150.05243699718184,6.1857041546629965,47.26659957706367,129.12054110063366
150.4698059376474,5.718953310665067,48.641724448369736,123.6092851240635
145.49934528520757,5.9960476858058165,58.36726045149268,140.15508416541047
156.22849932347498,4.2432049114305395,56.70230525895174,81.31758198736625
139.32379570617405,3.5781893332581562,43.50209381536201,125.26134137314558
148.57620514978706,6.501333651955487,54.14866208939587,133.13325762356052
151.20295631711897,4.677320161157864,54.05698277245796,123.75220676327628
155.14438834058748,4.749166983544953,44.25868355623691,163.41471889676433
157.1161487808889,6.328194141849058,54.0938882187743,120.99089287335097
138.7535790816213,5.55623000940066,57.68965959206277,118.57945745196156
134.65885829264377,5.455887772081607,44.38727596877793,153.58209150960212
162.7767682189851,7.165002344901084,45.41248589492868,115.40715141824053
153.3231401197959,4.356481769619857,55.08830733421751,118.44287380778088
142.51513463443447,5.927840128081237,51.35747655412824,121.25872034806531
165.51151975522524,5.057013124897084,52.757381376197614,151.89038087095585
151.15674634292859,5.268592278863257,51.702946082002484,131.63396474185907
161.79297184063827,6.528468426412532,51.95347960464072,109.66369951381151
150.6751848141011,5.507835756289624,43.367639358444585,110.40400414384168
170.60747924881986,5.538296079049633,55.23658853310724,128.42251394475076
167.55340842443204,6.072507337309802,55.84794996213887,139.0556579520858
147.51035851520928,4.635047270457115,48.853046279659864,130.62458399484333
159.71570950954356,4.160790332660993,49.78261525093069,136.36964273859778
156.45375949585147,3.955190805978966,42.34446248722139,84.49259626869275
163.68631557532348,3.0336434106239984,52.57127378008917,151.2462833841982
140.35076539419896,7.056207129940322,52.86028720857072,131.62740364376916
156.86051459998438,3.896791634278317,49.68904491500344,153.6657174524297
160.5842448684959,4.778746376414228,55.621766799352514,143.23099517237188
132.41260513576884,4.723186700111079,48.3296138451003,136.34282619890206
138.16741487334224,5.307406697809101,52.823029629468,131.28785076486628
129.607678222399,5.815737212539297,44.901678306539424,139.2811713055646
147.30593165555442,5.860473488359745,49.88223924562881,135.7247169213553
157.17542255795962,4.416922561431061,49.12822871048582,124.76583444137252
165.02357052096028,4.832878286213589,51.12653961020471,178.5274679300087
150.74094780419776,5.2825799504883,48.152365355833204,142.2382685333399
166.28615545571293,4.751308873816453,49.342637021641664,143.59469351289098
136.19898541785108,6.607345576019993,54.13023585720753,99.09228421596484
132.96617560644845,5.490974951638251,47.81617881380891,89.9518284082771
149.44452301103382,5.734877786049817,41.96711449630661,125.62001831749889
153.84065448939307,5.662881268667412,58.7479195210271,138.15484935421787
149.67305251905907,6.173473857485325,56.907270393452436,120.4268389890958
129.32557899960125,5.181021558703707,43.538686524471906,112.67543582902675
149.1087996048721,3.7031680520441537,53.44853902622597,156.49210568837705
136.95530499495146,5.399687951752641,47.485126147243285,131.17317880978163
156.6967254883004,4.348643106208171,51.3174360766553,105.27942762283601
153.66598246096848,4.471383318250243,51.471120645067465,124.72247784017982
140.60120213672644,5.586364018755093,48.82796099841839,104.43636828755692
144.86133082663306,6.238283071433636,46.08117167206802,114.018170565667
139.40786478111048,5.021271576736062,46.5472947384187,108.71199802216947
149.37320902726827,5.308833012598964,45.41904042259379,112.086591224827
159.55142320501238,6.702214944635238,45.84088895884778,104.75014521938698
140.14273953664457,5.240753179488569,49.66410854975322,117.7310693367382
155.04046515517845,7.601683114180394,46.42120005444624,118.64840611256082
144.6974238162756,5.565509645631544,53.4102603285631,67.61896566220602
142.07127167737656,3.239237240844182,57.436230776679636,164.52253543175362
148.92969640045442,5.753341621104532,47.09973379314979,145.42671156128955
139.64757677580627,5.381158384882777,51.19702250267689,114.0177086613103
144.46350694652818,6.289752754082746,52.49842555151467,127.1863804174533
138.0212210741115,5.6731813512699585,52.360011354596374,98.81189537692154
169.6472513291639,4.861544016016226,50.37977633958044,168.76499232449606
150.3526355197173,3.775701763710634,53.71341209179861,163.64422485618104
143.00274492007415,4.7909767427139744,52.41124476340329,126.14619632111814
152.1397991073422,4.1494795457907,43.81168788836351,139.88882183965018
148.8767195030917,4.419476550195277,54.345780321946364,130.25967268817197
147.79030400466777,5.58857840442061,54.43645418633371,101.88696338272348
156.14166700043424,6.669904504351406,46.18356947910709,120.12103071293247
157.57507710047304,5.394671529822981,50.18968917723801,132.36719228711203
144.69498852389472,3.8041169379648156,53.416644964055344,113.59808973425238
144.2418175935532,5.44460266822014,48.95343090210319,117.79979330619872
147.24948302848355,6.196631486645651,55.36489023883006,128.48192552841482
126.98078835264415,4.390217095680618,61.8193624730968,120.10874838885152
134.8480893780145,4.865982833327083,46.07006983682509,115.05723603507116
163.66874267444524,5.014688194729197,43.094776984231125,105.1274679861339
166.44967713501285,4.21510168691776,51.51909297802438,118.52999334120275
147.50963960443622,5.648280433843859,53.60781252563072,102.24594537641102
155.76556963055765,4.8790518513922185,48.845668130776154,146.27373401640818
153.11250154543535,5.419532443907028,57.266303316605175,91.0954194770094
180.7888080845524,4.1125078221979,43.30697100138376,156.3368033541175
161.19574911434577,4.56254169967659,53.46459311515805,160.22162039390938
148.72082408519233,5.722381357827771,46.970695896205534,117.3381197355637
140.44459559399576,4.627166847908233,58.59688953103648,74.29140136109756
133.93553679742428,6.726963851233405,59.962576765840595,121.1655462745056
152.03463635867223,4.600363814385398,46.16671706108326,120.86773623119713
142.43649254715697,5.224684725751886,47.2522143204571,99.25742278286967
135.77746290402325,5.93259083187309,54.29793943489901,112.88789678751216
143.53427115757472,3.5816342670669683,48.064346751052426,147.98578549103027
139.18451996385605,3.239191188019224,49.77294391033881,129.18754073227234
166.87141635072564,3.474343685429905,50.12694210271205,111.99466694083029
158.8163975694945,6.262584103427182,40.40163421901172,92.30269097490236
149.92027358683382,4.448141854107553,49.93081126952881,117.26072316505963
164.79944138890025,7.558199285668252,46.55136112967913,130.48807258252114
150.77368307647617,4.4357524013426115,47.53438588800114,132.20983879859057
141.38715798671737,5.184551303197037,57.21816001734407,116.13087536227484
165.23124077269657,6.542109952567875,43.71746552860372,140.90380422160425
155.38910043684658,7.006092888159123,54.06602593373989,173.66263754293803
139.62753845673544,7.061503576636397,48.60518534834096,139.13094510919854
148.0966132191639,6.208366230593143,48.60119915752083,124.38422825016946
141.24381746615242,6.024062525811463,53.951859480258555,122.16851194784009
136.17200269035663,5.592526949201183,51.70025647284445,113.49779773825883
159.26177547531643,5.778361076166638,52.85306498609766,157.08288012791252
169.0941664047013,4.448814283671466,54.84092330266431,124.77118149279897
136.01432426180858,4.1818011165776925,48.34345808408339,115.94998501132605
155.62969236690572,4.996625542589048,46.93881632746125,126.38310836822167
143.49357430878172,4.829815377475072,44.57424736721101,107.03013194687918
145.12874616235302,4.546771950672725,45.87294735010522,90.90696390492413
144.07606075761132,5.696387447456715,64.74547212654363,141.68667304730735
141.36009230320184,5.955305208570511,56.22339790368393,126.34929545458141
150.48521627944828,5.088406886291847,43.24462816895989,130.01993383620714
141.69049883588963,6.477530081055262,43.38771021628215,107.83847162429772
152.7045682577984,3.858310885866495,52.40933030859246,150.41279612376712
149.49761890550863,4.8063405407202815,52.736323986889836,109.01507409946986
147.6105195313359,4.283177679397195,52.744419176586824,158.80795614608968
140.924363379584,3.13346338292694,48.72522103223151,80.75655508486585
144.23228669431668,4.917319314157301,49.3727286999855,130.14436622659917
157.55391225825755,4.878252491616716,51.639397620796785,139.3535928595321
155.0091718762438,6.5134497432421306,50.429465031466655,114.96391609096185
140.22444755201448,5.630811684554778,38.90349813626233,120.98452441134691
150.99332305429226,3.975813175670795,48.85100184712403,148.11946275139013
157.51387123371788,6.854092566334188,45.74296782869843,84.72311822540476
133.3059471887863,6.221033695525353,50.87605709454256,129.8507828108942
155.43360192379936,5.582097703468616,64.92629501301705,90.95661597264902
143.37376241054153,4.773515901150168,51.83740832737152,103.39054359900416
155.7059866859316,4.04056076327652,48.432351569138014,157.26332342284817
142.36740843457483,4.627793223928947,54.60900750988626,112.49085600521323
131.9511789933548,6.088748619704186,52.41343943604606,96.60623899674317
133.72457562116838,6.884586305934609,52.100472452259204,118.35308380456715
150.48084946661382,6.543243528272189,53.034252966078355,172.11244092598503
152.5972250172148,4.511150578213726,60.28271782414771,96.91344298023252
140.95683374895592,3.880382566710989,44.34555782337042,92.68943003380937
156.38592458777373,5.1408862469112035,52.36816038405727,160.31789675854762
133.3847993773104,3.231560634437148,45.368094350092306,146.604043308358
149.33920201352683,5.323167714184781,52.77756323171124,125.4693625346963
137.88983800237543,4.852397413701332,45.406567442569525,90.19391373211315
143.4816389219784,4.533963498131758,47.913165931974575,161.05614923901555
150.47398671316415,3.4052969327332043,48.52455042881047,152.75607540008082
141.39586634716048,5.513600106569717,54.87908359672355,139.20734001934318
146.15444455770174,4.467299160338088,54.59227221971207,109.4375913965483
160.0629280921444,3.8300831642897117,43.77141311776808,121.72817405210535
144.2310813047685,2.1277377867183507,50.27467055499925,113.38355104892374
158.3569211206514,4.972485094949364,46.45210072625414,132.9021374235393
138.70293145342382,6.772251596669744,43.70747544662333,146.8819780399768
155.29804177915284,6.66125921454787,48.91491474787815,147.69181193972273
164.415686206579,4.542903743413728,48.4575860577209,108.51219789659851
125.28355499872711,4.39778793963822,62.13358243172761,148.67414832441284
142.03104744529523,5.468774256075024,52.16479912680348,129.94755433650354
155.7707212718054,4.001614560811708,43.11191249622881,134.11943567168748
147.96954613957007,5.301791899819466,47.17612997914529,151.66007803831224
153.7114587337131,5.76608027838469,55.106916477146996,110.2418181150725
143.9601481328418,6.226933223884307,60.442213864349625,132.07120003153995
150.865897874729,4.899845923520047,42.07008343881021,108.25961650826846
148.4432276460792,4.796326249823034,40.60037807430477,84.93738027482037
161.67782061659807,4.122017413243439,59.35482587685891,143.50100538837142
152.54420843301213,4.17311964596014,51.94807088685452,176.40793124959845
153.37602662075201,4.773521108098473,45.65853634061817,85.96032970895243
145.88123033877534,5.367365506816178,52.67314543061217,125.16825030652036
145.12393775927507,5.913584626233249,36.82126130491561,126.65700587753199
145.6744181218038,4.196821049319655,50.0168775329858,123.70591721905346
153.94452142378296,6.4926885689595215,51.63910586421542,129.00636149086804
145.79015519179737,4.728876398957431,54.62135069768915,100.06558368304839
152.89774856896412,4.978632705651564,44.93052023853731,127.00629074541831
170.75400798645438,4.252788320852177,50.4284358070168,119.09004974022648
158.71124703431693,2.5757597397270584,45.37287686970206,77.00701039280317
146.7397646783216,5.884045396361049,51.27691877837159,150.05135256485477
162.01213922163944,5.736843897092434,45.52326838818488,148.06608851239335
145.91924626978448,4.718672442881787,47.959495804198895,121.79778420103652
129.61875464822145,5.066990717224872,45.020923026048855,115.54159094351361
139.91913689082597,5.5159392177041,53.255681209118286,145.08235210242705
131.29208078974145,3.4374541431134573,54.29225558328333,120.44154628328596
146.48486515958692,4.470947322653705,48.82689715021293,139.3261960404975
150.18418379189552,5.794264679621827,50.19118997480014,120.88392921755452
166.76437312275283,3.7457105768307506,42.75704292683228,151.31891682798266
153.26927373764164,5.293557932166629,48.50161675996606,132.4387606597806
147.80899471191137,3.643418195376595,49.74897691479128,124.87155415065939
158.29405581183488,5.466429982433526,63.103965455149876,115.16183846066374
127.88864690992115,4.964358517702516,44.440164871129184,115.16428947330313
152.35614558108566,3.3848681840944908,57.320886193762185,112.16541976385253
157.70865193886968,6.164739354457171,54.98429386732904,122.40558524164251
135.21413754220157,4.265408423201951,51.40318202245068,100.9529186691428
161.43754043206928,4.189747562985619,58.79310242097567,114.80804864080191
153.38496407494415,5.2005691972309425,51.860527363034315,171.07747038270065
145.847120860992,6.148637349428715,51.945795978339646,153.40425315179323
156.32781866106285,3.984178181021603,49.73439673491227,164.32713312338967
172.70692857804397,5.061679849847971,56.117844412093135,116.91319912728116
151.81866255058495,5.428816500330573,55.482346169054416,132.577916209415
152.48220586300337,5.693105607263144,46.87161356251894,99.25445249196122
145.40639100459757,5.176441555277226,43.40376402700616,103.8651922905169
141.5015563053521,4.632972160916678,48.98509681302171,100.8422602565953
158.30335816544246,4.17240977935128,45.999807178011764,149.08802451266445
141.43916174091132,5.0861438830463745,49.68237712692322,112.7131767760518
150.71566237219392,3.927860988014393,56.187190673420695,149.53089237474265
145.22342553234884,2.0786495165053926,47.71349172456605,127.0222229706084
154.78979825746393,5.4365598041576675,49.78588309344212,174.16950025389679
153.33662105286948,5.903934841086195,50.290113674041976,99.11938668504624
160.37539944257898,2.6370675644581616,54.24215441102642,154.04022317476293
144.89983601145252,3.9902692952900622,38.765553330076976,134.37171666838253
147.3012506470663,5.619154261005198,46.96649852617352,102.99455590594167
140.21236284217693,7.057495469711698,51.056418461397364,145.20897385909294
145.5570673992389,5.020793707675408,56.00039478213431,134.34333620120228
153.7730049304485,4.271997058770865,47.54048776246898,118.913361593673
157.56988616645353,4.81710355889516,40.617236469790626,104.4342296374096
140.77834675822373,6.374876419148185,53.09855722983068,111.23558297228907
158.6960592010566,4.354035820875465,46.82318805587185,166.51089360269523
163.5563785880495,4.200807993349747,44.0516667045482,125.43479502351246
154.134349032237,4.517256477817968,46.87827305143388,139.24690594353072
168.76795812558066,4.046671391741287,49.077373211720754,115.92123278229843
142.26210800896428,5.122670315994796,46.97627667730894,103.36035705388612
137.55345296688583,6.62467845846956,38.97216971450465,134.8435153569846
132.21279751095722,5.323079273116029,54.48533098443566,93.34929785822857
164.96044311489183,4.7476464978737125,56.37437520639361,128.7707393602028
156.54365656354057,4.708188731084456,53.25760995669753,130.97484193074186
149.44415329089546,3.436809191303343,44.311571647875915,119.27240438315621
152.7996862631982,5.883109777147159,48.99254233026241,123.77823084978023
138.74510952701624,4.922162802987198,49.96739342385271,127.10719073048315
174.45751979616827,4.819520086409375,52.99397194780955,153.12009274550675
151.29221181975228,8.19310756784486,53.34170244359041,149.3984339096248
151.09394794604893,5.298752908365686,46.329131006107524,103.49170842128532
157.25766623898693,4.248208949904816,50.4099777820678,121.77013128638139
154.81009231736712,4.573642403794457,52.28640202307621,152.27670982227218
152.23884024279133,6.148445709196755,57.279111610733835,152.1325445798537
142.09525544554688,5.113270410537765,53.522532699123616,96.63500567352659
154.71468357135996,3.561722021682633,53.945283436877595,134.66661058559137
168.82024496475034,5.919228934575203,50.4191331396468,97.01938187574683
163.4542004615498,4.331855914461006,57.05229572601752,136.97134668171833
165.93186626639397,6.873297776217545,52.04881397979749,176.3069202043896
144.88784323568814,6.0800480657146485,45.69456044913215,102.20181176319936
140.1039517974142,4.552678104341249,57.01684985062595,108.08435107805872
148.74213079900352,6.281016361735113,53.48951636269514,145.0053068445853
150.55724912288696,5.067855510527403,47.78477989435759,92.78612919379142
160.94191518470947,5.8527736751222195,47.602535163003786,117.60343247530143
133.0753537028518,5.484732817294475,51.48287772570381,130.62226741821297
165.29550319460614,4.153643345009127,52.31592397633792,120.1220605146036
148.4199210142101,4.356450167682538,50.98646132815603,118.99263016077552
145.7311893005258,6.029960817581161,51.556543367214424,141.05446518549746
139.87895624739832,4.665224667893459,58.4997868728819,134.50067862852285
133.4514332813423,4.596351536758004,55.35771576117443,125.54096024903475
158.23170583961914,4.044877420650647,50.95317795632512,121.18570454077019
150.73317967188405,5.423599065593461,54.70655290383742,137.38025259557799
137.10039100258945,7.062524919243145,44.837380482362306,116.07049612367572
137.04921227936384,3.932467085745727,51.98963524973404,127.13736070947631
146.64215300709873,5.024219456672758,59.04653174866555,120.66810031346776
166.69021525289392,6.412220555415429,48.909770523038134,131.64598566811753
147.40408648636395,4.9203586087542845,45.761830356904575,100.35306889517393
134.96857046881894,5.452371796249734,46.7395555570347,115.08052107241198
147.54256935914054,3.9376064718531203,44.55183481328806,101.06794820133007
147.27276430252329,5.428307097207648,46.076190459361484,99.07301970992627
123.03113357058429,4.812855734995451,48.14745950704985,114.83246881803069
149.45705133482187,5.985729995679863,42.97216490410679,125.33251309920931
147.69065469791323,6.187386051564751,50.07809166974801,141.94004748685597
156.96206364813418,7.589563642018614,54.51138586893324,128.64675641174895
168.48956094945345,5.579633173213575,45.4612190992654,139.9340790373013
161.26565029547757,5.325796316582166,57.59641961820884,148.37750492094347
147.31111309445168,5.194384301577336,52.55396044263797,134.98296966112278
138.9347409125833,4.6468337071893115,55.152902928120284,106.37028655712365
175.7335980324986,5.338483843461691,46.71082723073931,138.8996981331879
150.59218434014488,4.704598589860971,54.27262613533308,135.40619617915408
150.13929291912947,5.168460976269614,44.54033049802344,121.18240214868155
149.75874912889998,6.31759753560796,54.451237504182544,89.34600647159024
151.98084760767856,3.9934574347203586,50.85919669896766,127.87448851192373
148.55639588076056,6.139878561129045,52.76625609992392,173.02158073052237
144.26337993119765,6.3171150673398655,44.12202697187574,112.86275630263948
144.53141058759607,4.881931473008922,45.524650788616974,103.88774691360302
149.67246729784003,2.8781451009914054,52.98614109126692,130.4484079181443
144.56575228866234,4.392178012905568,45.258259978878996,123.52140436257693
142.87154217322836,6.296994546561109,52.316031460495616,149.73728865646117
151.06430227691897,4.977131937701118,43.16431096769877,94.86050066984298
147.45022782579144,4.0006977677050894,54.240871063333344,139.74681135047243
165.0399298858269,4.4952250787717825,43.83738342615746,138.38876306641225
123.49030191606988,5.840620026504553,52.76149968839761,112.79266002295121
160.91506851922463,5.546733568201379,53.12815466823,140.82727148903288
162.46085192497628,4.761067900830306,46.516140907852126,148.5546241223976
129.2660976759185,4.6331755881853125,52.91013283542363,133.67381388323778
146.57312405919652,4.608241850956178,51.30221131666778,100.68442854337027
146.2855913400421,4.077589815501497,47.30579071903631,135.5457716113628
135.9248830528218,6.615375689469442,44.95722657961896,115.86520206839457
142.22183312409123,4.6776795307886605,40.1868715416371,114.07325481724291
138.8942415453417,6.217158520825496,51.74825023649847,124.74397782355453
167.52270443423623,6.521316051922451,42.175986143189725,127.53991345954961
159.3567839314746,5.9983108981479605,50.47672099720654,155.89054050193977
162.7155509499416,4.5683796872819515,48.68275891958876,127.76638278822146
157.21672064043236,5.40373009033661,53.39571387719098,109.74146903497879
138.7094822878277,4.975804393609084,48.48977250255068,110.22757081377799
144.75479733720226,4.096298139269872,48.35276106826454,122.826098137962
154.8937456122792,5.324359281721603,53.659353521441474,155.607369872677
137.77872191108054,3.8209602088401975,51.67529014542059,129.9334071885338
157.12998430172388,6.1876793884615635,51.58077978591389,115.1942691815753
147.59674601841866,4.535382702701607,52.346337949042635,174.45000710742448
146.25179192450403,5.201159655872839,42.32213938396447,122.68143300072887
157.1095996820349,5.283287871546142,53.78394339993491,157.65634506403796
154.4426331148604,4.741095026295922,53.062343970068014,126.11909311453188
146.3903383418092,5.586693801475275,44.916584357117515,130.96900915365816
161.59329803364247,4.525096343377475,48.779597631628995,145.65988989924747
139.18936672400102,5.871297297457244,49.80346356186185,145.5439430414896
156.15935606944265,3.6540203197532515,49.32751607799133,145.9970976441854
155.93101257968385,5.126379579546412,51.669299832842675,146.99764531666847
146.9045356068601,6.938928999058285,57.15683390915592,126.7538583049892
153.26133022242118,3.9996686753944255,55.40883363836414,117.5221485335695
137.48886423614698,4.322255029475149,43.43890403284297,118.79221560978212
159.240270192069,5.513907849658915,53.110349951530246,151.7987922033979
148.1509786355701,5.179581781939598,56.644666597677045,125.29597214427375
144.77276979480962,5.350630099273559,51.93404260344602,145.93831849299647
160.4900922583689,5.489187130147664,55.454902125929834,164.63967699994723
142.9565630945724,5.63472146856177,60.06135222850382,112.4703878857444
135.9153870363644,6.109699841956223,55.11854773053491,107.53351731059698
134.43370826476095,5.409818656928513,51.246542978208645,116.22622465069769
156.0600995134564,4.7587423453814575,55.225442370423764,137.88014170761406
137.19570647503718,5.672573701202731,50.724439165484455,110.0312116969706
167.54794181984366,6.899881934895216,50.11951521642478,164.71340053019497
129.18070592116277,4.867366253617426,48.242928821431335,121.40076575533033
166.96456368290038,4.025470695329359,57.81706679416054,138.57581763225215
152.11017467202618,6.107080669286972,45.907856670289995,96.27734353344847
149.03286888129608,4.879618836046402,57.66183862339058,104.08882668290319
144.5508091319105,2.827330453985964,52.49932061870186,125.54970697452481
153.99136114352072,5.847421677150422,43.00346912599029,80.44138670375672
149.62365297575153,4.464671814046078,51.83824646495711,145.46451548081504
161.0330188201652,4.909466717695839,39.49986746174188,118.77225992742139
151.1422764866204,5.3319803305690145,53.12754008415518,193.59899036366704
151.50301761461878,5.190499679779067,54.42615741494495,175.8317591111457
146.36387787786146,5.70945181713904,47.038220221739735,118.60243736565026
149.4305437627893,4.564513629430157,50.61773847977791,122.21174987345101
153.0780176889206,5.513105798176083,59.77078716875143,155.2934804558542
132.89831607343373,4.740453322416083,47.47126647869032,147.97053006286203
136.51814577894288,5.738810480887503,44.705462064717,82.74048235429971
157.43264094022715,5.615367484013054,57.40831701231299,100.14619974089635
151.70865438127942,4.064561297955405,59.81293595265397,119.39310243758608
148.1601666364732,6.085982116175032,50.01847835923924,137.92158190145537
150.18433933065393,4.464036554885952,55.05731517704178,138.00356672688423
153.4758170536167,5.808057798281145,56.70737957765441,155.1153568851712
144.60240319690638,5.367287313401341,46.28757883730808,96.07188872779616
142.21695274597687,6.838183676795122,47.57347082316066,76.52074312572968
151.9584525509768,4.776534017628148,56.15437256577368,147.61607626940656
140.21627222384967,4.650683203881803,58.425071393542545,109.58563417521779
154.08252755714472,4.980580394112267,52.81440430087177,88.88419071972154
132.97416395762158,4.696820217165724,45.60092823248973,115.26273991832166
160.29155637325644,5.79994190194205,59.935305558497205,155.55742020168364
154.72597482413042,3.3836893915634123,47.34514551094018,119.56533996151865
152.56029734313876,3.9463175808536457,48.32431109414274,113.67526498494108
159.82690983945514,3.932197078420807,51.71168917244811,125.95995577160954
166.65474444462578,5.9503075919735755,57.77080210357387,134.03297384110348
160.1437006501813,6.710613372581925,54.26987988276112,109.94803873766006
131.59125768668355,4.8955507814625285,52.07432750180955,102.95257886790586
137.204230332643,4.83117827680999,52.31644265059053,130.54322394069018
143.7518142230432,5.070052163113181,50.21757334321733,128.62364093985184
150.26091050210835,6.161878302608191,52.790697572592535,133.04796603368098
155.17659020469122,4.072646865809426,37.352199611528484,95.71237888611967
142.74256186846534,5.2383689827347855,48.51696270465101,117.0315258207097
151.8676676447708,5.975197629782429,51.2066096745839,85.30821589276029
142.44617067646678,5.5010941699398455,44.24492958190247,121.19075062134286
143.8848219700805,5.189581616598743,51.931616589057796,152.44402164575533
135.93338903151778,6.001046092567141,48.97764389506939,89.66825917610657
140.76766753889095,2.296767707000763,58.77737849157745,110.28071851035386
136.48315394383667,5.677875319530908,57.865098626074285,132.47154208604218
140.24126747022666,4.345924316872576,47.670972154409185,142.0061127809355
160.5364179660784,3.169367103143543,49.24581144216652,117.03910001705653
140.50601111168058,5.511202599524981,49.63026217195804,107.13461390713874
176.3238206483739,6.373658545162957,47.74170261920189,99.72412666155272
154.9331790088089,4.862551485372308,50.97512492014064,130.04055499742373
151.84836123694873,5.9528745472029385,46.20858965556205,165.6383222402048
141.41642219818786,6.612278257988645,44.34692332531237,124.95747551461464
157.0030987940899,6.314914453584048,53.11355611950134,133.17664361613987
144.24362173762225,6.639964529371393,53.147647921109055,134.36150447978088
151.2200981464536,5.7421274910718925,45.97842120170004,123.65520093775858
175.60084538268794,5.075433638901592,54.476777153812996,125.27242424699496
149.0394010027535,3.3980341881028315,46.84211135417334,135.25505627447518
161.49273326285675,4.753937511870052,51.265826190189905,135.78213306955547
142.96823574874114,4.156753404683808,54.10172006306228,123.43126577286117
149.65011509503037,7.170942717497814,49.83193717648143,109.52517217813096
167.7080063563551,4.824114187567663,52.273704560705674,161.3913538405726
143.73032942212234,5.123204806784486,47.41785178056214,133.33991065574207
168.1244855799693,5.551485376040468,49.01766708285951,123.32093046100714
157.07751935455477,5.043602446372454,48.9707028455983,147.83902392013968
144.37533224105732,6.695051040430753,46.26710826729881,112.64003804752507
156.3240773905552,4.377350638265548,49.11612918442109,110.56957346912483
159.7255444962673,5.194607455237243,42.25690850568127,108.86345161354741
156.21809962217196,4.257529414301952,47.54423126428948,89.23812258935965
134.29775280109544,3.6799774887792944,48.575622533151645,122.80017701299174
142.72862824175132,4.388230909094714,48.7191012375231,82.49315936231659
147.52481364448496,4.962963202951588,48.792512770646105,98.1534668193473
149.25566570899954,4.57069777548274,49.69117900069936,82.01041142445408
156.20672097550678,4.307579020126144,52.39720759043032,126.91489074453207
151.77701000933254,3.593682536328166,54.37258537066261,123.56752916841526
136.64655641289897,4.9168944273713056,46.751173865758666,109.02408189007174
153.80197851005963,3.4952796259689975,43.98399572305428,98.22719119199971
156.10585745283822,5.760055963689602,44.78977793878448,101.96018793609309
155.5979044793104,5.082439752934503,47.563985394025366,135.30241733167597
160.8078072555462,3.5424485005350697,48.240393410917456,115.07007672340747
158.33922154548904,4.6907909229501366,46.150019669012714,131.79837478457785
154.59180079228437,4.247843594409417,43.51941667875053,102.902147205477
149.29834288541352,5.31917451041918,47.71939586262906,127.08429200907003
133.39039066484008,6.340450446023144,50.90713310056986,146.1673634512435
154.29618219132587,3.1248275303542554,52.97514732917782,137.50118002756938
152.0768768716311,5.115026079147417,47.21288473445839,115.7905220173475
152.71578837195372,4.83986720443336,47.93501088928283,129.52961671338838
137.2325142417969,5.671340076450465,45.366508455763444,111.43884054780588
139.18943459591736,5.213196628237689,49.84280414812612,120.05295756682952
160.53152853332904,4.248030668261181,45.75785682904593,118.85589002345355
149.60444846143346,4.680946064333382,52.865639066206,123.16992349464047
156.81500697372624,4.203974143196511,41.070667540329445,123.91385286700321
150.2831837613046,6.076007138598598,48.20185163773769,105.98791347640062
150.29756139495746,5.021311648671942,51.50553669595871,106.07825681179
159.38283805976,6.901190685753008,50.91917258161252,106.45828739005181
144.83955271782625,4.9393391861853795,63.46516831990248,101.06516729713167
150.96120776940984,4.291593233089538,51.74900012283954,101.11733660474604
145.3772471129496,3.486285607387173,44.97972701578995,118.83422651996368
145.65503772567683,3.1968603237440547,49.522678764554634,100.98363221213256
146.9082787653136,3.4158640569945105,41.11876833266774,123.45317144740194
152.22133771633713,5.267126651011483,49.5970012535162,127.01679813805573
145.21251378336524,5.508725023229934,45.834719714996204,80.92139844137839
162.5575612557352,3.418809297967867,54.57695137780081,144.8774720104778
141.05392697780496,5.895038314076116,47.25229862702233,136.33485193050677
148.1312835583864,4.516938948316561,49.416170421023764,102.75520251594826
145.60268941725826,5.146793011985549,46.822210792977984,128.95653022488244
164.46977884353734,6.612220628255424,58.69425675926666,125.28477133750887
151.96554776511576,5.896839315865532,48.39378616941044,128.444888984784
160.31844539468634,4.731469352094168,59.16278521739601,111.66242143634899
135.14439626963028,4.1088077745847125,54.07075881059133,83.18429168176608
152.67050265869258,2.848184598670695,52.41033363667693,116.30354364376984
158.89630795623438,4.28084668075758,51.843665736587596,127.01020100340568
150.82283989275425,4.788869761172306,51.96898649108126,118.61075478929467
160.6548037506535,4.012820472848816,40.361637103271946,96.96174133919075
144.82711549899628,4.8687430329076955,48.60558302924622,113.03752899608777
164.0934744018558,5.076851882958768,54.225789855921604,140.9669679031974
172.9889812361925,4.775144018191922,49.755514082629475,134.95132931813293
146.37161439560342,4.349997419176541,42.97405076598213,119.91506326092477
145.54497478599228,5.168654671966728,49.73797774711265,109.49787492553506
164.533844771177,5.441940649569409,58.520527581277456,163.40158404407248
165.79572145730714,3.909600922557154,56.2344585776736,112.18116270481114
144.77139972846732,6.41093237974627,49.68997995316984,134.71075452799644
145.79813182904144,4.901411867715738,54.75724638529043,150.14550861738377
147.18215391139492,5.018849622944848,48.16746489815974,131.78090997509287
136.55549488965724,5.708214423256557,41.480642065866405,108.82820540273826
140.81348053515802,5.233216131263502,45.377670059352226,106.60936764432822
139.95859233247933,5.953136633913245,57.81444384254099,148.85887752902408
142.3220243489587,5.287124165201824,48.63003459085348,92.17978967233233
149.6531511261322,4.387562625359562,48.78308010312491,103.22567968869228
152.3421473253652,5.361503525206102,48.500809018625596,117.74357261816085
165.50500492814078,3.856273792679338,59.52068294786503,162.83467155796106
140.01645959261208,5.108559705776523,58.12979457681031,134.32453759012526
159.84322398476584,4.966770009355539,61.09390116724067,119.36935777468163
147.86011155774491,4.79188314272746,49.20477394799974,116.6714871150291
149.50536290347566,4.871462488561069,51.47812244373547,113.39164150192246
156.74819492166603,3.1181509545023607,42.41678725289604,104.34804932748388
138.772779784377,4.4512750922590385,57.38467213059137,143.77446895231526
153.8240974618405,5.092844901141115,44.16110224366032,94.99175774286061
151.66452208213056,5.1598563919974,51.08387781881314,159.19469319479808
154.9245126400815,3.9723248590740416,44.51348736183578,137.5822897313499
152.89168643907817,6.2657078408647005,47.05566586630652,148.43902500638765
174.55300139910895,4.1338251517855,45.8136878447515,122.93631103842151
143.62260015748683,5.969457200526737,46.960623696620914,118.31989905551141
144.69003044998183,5.427194361871685,47.304386484255105,92.37987684564413
143.76859473575234,4.353772690156197,47.25865602537461,107.9055194271522
144.44522880839745,6.775310892609512,54.16666955890153,138.979668789402
143.62612872693484,3.8063631682435197,44.4756860346874,140.9276007633323
161.89016531107552,5.919154173610002,51.10270713506934,111.52242037476421
164.20504247989854,6.000582318042978,56.089795761527796,131.66540374555217
144.29253706250523,4.329379790923355,47.43401817743302,115.72625825039529
141.6764442689577,6.392465300064329,46.41040554626199,92.8356931277674
154.71415556386404,4.749953485401047,48.84737687409874,137.76187108718113
144.4777695571903,5.288693629279857,55.89862604180355,113.05536623574552
156.3293181775551,5.260321838771221,50.970538154766786,125.55392626659294
152.02923020851298,4.865691258529452,47.34392852696201,114.58215300464745
134.84255885002767,5.8108082731597825,52.4193832559402,105.19163246169207
165.47505201330063,5.793488720552213,44.48853925081788,129.77443513879794
167.9587767309552,3.2514680267618195,53.40679755221474,128.8955708894126
143.87211309515612,6.304340242878153,52.04303653850884,118.74200861856814
146.12298440064015,3.3375080119643257,48.46095764430558,103.93604190608633
152.85865390724905,6.032546204341657,45.807071007763845,131.530569584178
153.34456789987024,6.126705136827583,45.56659538858271,158.45131590430216
156.5854427267283,3.9090335697848015,52.67408668172955,131.04780250509995
170.1020453876635,4.589185712045415,56.14490251244531,159.06768042610142
148.23052772505952,3.8942953315140643,46.81346126485602,91.55018503437346
142.01702755461545,4.785078969711265,52.29193351775742,125.5674473168116
136.20680771985474,4.691965715814259,39.564864906989655,87.1918608377263
142.6906996005808,5.7796605322693395,47.076911346714,91.02770139156226
149.66873027126204,6.310308746119608,49.84470533564549,112.54331874720592
167.94557863517787,6.395683810789956,45.45158291509083,156.96340995951297
144.8238870096383,4.437831973421698,45.31746812605202,136.5418985258971
152.23787951638897,4.790778126255472,46.66110221765557,127.88947222591788
149.8357710392725,3.31656180777905,51.460963641631864,92.06576885070123
161.88393273448085,4.194129933503811,49.063354907968126,124.65529713286381
175.26932425873622,5.9648516330974575,38.808843833375136,136.64544064029786
144.6913122707968,6.615582823548232,39.39649923682467,120.60474576352655
145.1056055748178,3.765651128120078,46.965674110714126,80.78077266260541
160.44160877069072,4.407535740847106,52.28843293026776,113.06026525085636
156.81891489626312,4.973594243041073,36.26247578637383,116.08507128033843
168.46707325736034,5.280161158819607,47.501349119241844,143.52075643205666
155.83928185325965,4.190396480078354,47.3687607174129,80.27288603871793
146.4070790921294,5.424061044464089,56.94168889104224,126.36253323822949
155.9065483069231,4.526160652929084,48.07489094143568,128.32648361004732
161.0870358058291,4.985547729121721,51.914944923704645,149.03880907044595
158.20482181197363,5.546284248003699,50.70628570043731,144.61715964709282
155.07274031107298,5.006422269810938,39.347167600964,130.67837515210567
160.66674689589155,4.5636141094734315,53.841036083158684,116.53462039938091
161.69295590445674,4.890390196074169,51.07698252728144,93.32880162373573
163.82158991037528,4.911637040794664,52.54134319837295,125.9060884542473
156.48709887589644,4.629988970117872,69.63118853218162,163.24111470810044
148.32881919683146,4.741203937332898,39.57943530250706,143.1794562655758
151.46713686433324,6.598647170504717,58.62348324880554,150.04063141817622
162.06508966508358,5.560919447941239,48.562762402998224,139.59141010685752
141.83064329012763,4.704519681970839,51.436644522015044,129.06646959433684
153.686733088729,5.696954404510736,49.77243877349379,116.9328514369654
146.0666118767264,4.66618051024399,47.87881833300978,118.0675157541866
150.28744822934817,6.173124637586641,47.150835358806205,158.59203219341896
162.78451862607298,5.369642192198094,51.647543677865045,114.59841852388718
151.91099068019903,4.892697855995771,42.4141315166416,151.9677720796014
150.4643654815615,5.447716925810278,53.752895837608826,122.68937017264719
136.4014385902008,3.4291238479315007,47.91902797557373,139.90283155332395
157.4625356602722,3.8732325310901947,44.34965330479821,93.8211553462043
156.45484181141074,3.8060749936009444,47.749935710020935,135.757603484217
171.6325472330546,5.142943094763707,56.28574608431286,126.39535395455256
146.92221765047,6.732514999485092,47.323324564918885,96.47945463765653
152.1915032766394,7.231300146192632,51.7922680910481,136.36284725176236
152.49383683710755,5.638051101440757,46.34521862142263,144.78863129049276
165.77453279763475,5.500844474944457,53.789609249618096,120.02181397653085
149.04704467613047,3.1989422658472613,53.42753869395102,93.68311861575256
152.79021525770338,4.457326200265978,59.24304416648206,130.8673000758702
156.0789650971654,4.212216248091761,49.122180272503925,124.01295268722575
151.8660912315636,4.379152401748884,53.34327402378953,138.33236218940115
145.53566385449471,4.83185618141521,50.49033769769472,141.81570587552332
151.94089992898307,4.527909422302873,56.479358909315074,129.02145231109944
160.7363174985977,3.020700189624212,46.405838061956345,160.64429587399763
139.7348470058894,5.7479102561175335,53.725026564386404,128.82796015739473
151.32969674146875,3.9272569742601933,49.02651351941659,115.81204301465004
142.99879185060826,5.239246864111149,49.67905911445751,89.48978976303587
161.95046628924842,7.0740826697499735,50.45876242224186,130.2372180155943
134.76813095216227,4.080615408413577,51.261201982133386,109.82651897039229
144.41078152728412,2.4697124772536703,49.418854784390206,135.88599547129098
153.7721187506452,4.713995778119889,51.07356591585263,136.42257614558156
165.6552402923434,6.100959634998571,57.89059028781092,117.75462921376523
149.34249738927014,6.958347454220593,54.92724842807609,135.9748300737579
144.44800473306802,3.7704504055475834,54.34577296248448,136.67214498219784
168.8115706944059,5.496699223236522,47.722302369880644,164.1376528773372
135.51986099583755,4.5346895432199466,45.55379585885838,131.02242561972656
128.01194043379917,4.894051645695864,54.77650279118876,132.83220882747187
154.40014450053332,7.644343347017035,54.38023396264897,137.19466600672317
144.9794577564739,3.497029671604847,57.36335337875491,133.14071103291957
139.78767182869288,5.253739661494573,46.98009687015385,142.97549074758183
157.08356447299354,5.467693171765434,48.852256723198266,101.90342600899325
152.438007137712,6.085786324939347,41.80257918737283,114.84385302429384
144.35921369263272,5.097983153470896,48.037644469695636,105.35431375388984
137.19695601329104,5.308050539504102,54.982852552897235,130.783923502494
158.72457328280146,4.608351432578209,47.66752310385901,151.3174515026601
156.5020117795866,5.269126941245108,53.20239897600412,119.41169321866533
149.00824136220618,4.656807724502589,49.04748447001094,75.24963635672826
168.46636996047667,5.6215718898560505,51.6202851411078,128.52814197234727
139.29915233673847,4.630389663956366,44.26154305092166,132.58906457736742
134.74474829075263,5.377100393902187,50.4260472481695,129.2200107907139
143.08091930118755,4.970737186315022,35.044320145496386,118.08111509583244
149.54413983644503,6.126050250772169,49.06551920919008,120.67671974962931
152.43339449322693,4.948606276411514,41.8476337814243,94.01140210018022
147.5876394214367,3.2269675317931186,56.02997258273408,135.3776192729812
153.52055396514297,6.261921500713992,53.88703676382256,115.70811319436501
137.48460575809557,4.094267699137381,52.333354909830405,162.479456872796
164.4376460407326,4.34623366135118,57.6050311357969,148.4054594187965
149.1784882160743,4.404338705956508,45.25541739587581,107.9892893855718
161.1729583158813,6.374438093170817,58.73681598957779,128.09710318817196
153.42725346377705,2.8643257860213045,54.66095782130192,124.3121604287009
154.56753219153785,8.137748533659995,48.81722356390527,127.82300357377814
155.69767280232205,6.056056809066051,55.67810073591472,156.840106118624
154.47708560017315,5.223238914129159,44.46853243794183,126.98816997357929
156.42722759867544,4.945105999383713,45.87742919236163,110.1731343738239
163.29152530132433,5.285554074857657,46.9570513838015,167.5913256105343
151.9652116970147,5.521122428379338,47.355111459679925,125.89510650341441
157.09003757588513,5.645215585950057,44.71721178619874,140.98601290817962
149.10264305712772,5.555604466003448,56.11541533547663,118.39033258005688
164.40117215449473,5.089580681255248,48.70572799815084,138.606642393169
143.2360769794073,4.802661579692674,51.7625248417844,128.85558134538041
168.00940432910815,4.848726716346488,47.1482431679316,93.62776428966929
149.59842049355657,4.805091719647319,40.896983497257416,157.43248269309166
135.69224897881952,6.133770096867065,51.35028679195711,147.00678333516052
151.28104414910788,5.593556722280862,40.43872512290112,111.23470929451679
143.18948342525118,2.0596113653357198,49.65682976957266,93.39403344983805
158.40643548988723,5.655900776529761,43.15842480583595,131.99299141874295
143.4737602069761,5.194736194718775,59.93637999615404,131.80941047813678
145.5381656678522,4.981291243554103,54.55681361087361,133.49049518099778
131.10459269054468,4.611481546911114,50.5287689563574,119.02982252806228
145.47693680750922,6.124112719986013,56.318533388273345,140.16634034046382
125.76120673371044,5.947526462122858,45.76842011267132,140.33650636907413
134.16097176514276,4.227122332176391,52.71739689335047,129.07071216417748
157.60414656144297,5.407052287124535,50.999052168593565,109.4223096116466
157.85800158650832,4.028343265458714,51.32010040666835,155.29302470375532
154.25457561784964,3.6203818352110693,56.36176750053384,162.2697567495398
140.33023856870787,4.3732827754100345,53.66246051389901,184.88278793653492
149.5228864385802,5.862393472382759,51.44361831412512,105.17124415056375
149.96397460909432,5.953125045376087,41.72556281885852,125.12632791339166
138.41635310807456,5.513085420097293,45.199768523602685,74.75218814933427
165.03398301767152,5.725095786847997,49.38645533202138,144.53933047573304
158.77362290575672,5.5161782871149585,50.46686187138326,119.82865156087944
147.79035826170337,4.3585184047770476,44.34898137663038,156.56031693820913
150.2688583899453,5.431922544673941,62.058383377892106,120.15268158626257
152.08382807947552,5.800409525227682,57.58197027626787,99.92464855186219
129.5826513157571,5.754291329813574,53.01059160196242,109.28310678502524
147.52822617479404,6.1889133714746425,50.360184306418724,86.92033185113854
143.18015752002202,5.708303847201064,48.938955150494245,137.17983966495476
139.98379990105084,5.351448207541583,45.24040769988882,75.58546160039322
147.18899707114045,6.070150238316428,50.38740259259431,126.61387270994172
167.97686526849523,4.97347874075094,51.288762700713754,93.41016387919657
156.4084286126701,4.118125348772282,43.79119712259188,115.06746661122028
144.28821010217203,4.836933036056236,51.67088208622449,156.02223990826877
155.72582781356158,4.255097355193551,49.223704755876255,132.9650302505848
